algo,kp,ki,beta,drift_roll,drift_pitch,drift_yaw,noise_roll,noise_pitch,dyn_roll,dyn_pitch,score
Mahony,0.1,0.0,,14.756274844409363,3324.8643861798114,17.24648928046591,0.007212133790477989,1.680045657799549,16.66506004333496,1.5384098291397095,0.20962319686050535
Mahony,0.1,0.01,,171.1954605209651,5262.511689952065,170.20683874904086,1.1858582750885045,1.403646726244728,16.663671493530273,1.4742951393127441,0.2694876932037306
Mahony,0.1,0.05,,16496.345929963347,1708.2328034994334,16490.727191100625,43.95211123861916,18.764297664099452,17.55767822265625,1.5358511209487915,0.5655424277350296
Mahony,0.1,0.1,,14463.416755843871,789.3864966096108,14461.011347763542,48.64585394936516,17.485519143858983,18.79228973388672,1.5988510847091675,0.530602344153216
Mahony,0.1,0.3,,-6818.51235741556,-89.6641785000948,-6802.768515524619,83.07807059163595,17.728556913014586,13.371726036071777,1.6109274625778198,0.4360014638476939
Mahony,0.1,0.5,,-1221.631678779801,709.9530660058606,-1207.023716820492,89.06679926691321,18.784389343576194,23.860088348388672,1.7807761430740356,0.5475904297449551
Mahony,0.1,1.0,,-4602.850061779847,446.51288351557,-4581.132261307149,86.70278639532282,19.22845027891403,14.065844535827637,2.305570602416992,0.4838639304806776
Mahony,0.3,0.0,,109.02161697251002,3481.9245147566135,110.52908063680792,0.07305799937614638,7.197263416252887,9.687451362609863,1.410045862197876,0.17760476092894587
Mahony,0.3,0.01,,9472.304035602341,3833.6802132084076,9473.139536362012,43.702078166303444,8.276371690731592,9.687111854553223,1.4496012926101685,0.37613589182213175
Mahony,0.3,0.05,,15488.743403752349,2015.3289034505838,15489.272422639919,45.64858008300363,12.52941820109883,9.700575828552246,1.5567848682403564,0.4248403946274171
Mahony,0.3,0.1,,12689.248566201433,1865.2866996609025,12692.020596031023,50.74481300314201,11.241784698377726,9.75432300567627,1.5969772338867188,0.3925895559271932
Mahony,0.3,0.3,,-8454.72694682326,1160.0785714351991,-8443.747996025539,78.60430273406224,10.596609807608196,20.448339462280273,1.6557157039642334,0.49951156046354916
Mahony,0.3,0.5,,-916.860539803556,1658.7173430961723,-905.0532107343861,88.41604083200542,10.82353436818749,22.811792373657227,1.7407138347625732,0.49043947615334726
Mahony,0.3,1.0,,-6285.584651789263,1575.9138971755365,-6269.48145685121,83.29658937002236,11.740620200352573,9.99910831451416,1.8983802795410156,0.4003051772816069
Mahony,0.5,0.0,,156.64097765225858,2318.877546601911,159.68755978157665,0.18098577345948005,7.8559945407444625,15.344498634338379,1.5563381910324097,0.2187288334927757
Mahony,0.5,0.01,,523.9218266470892,2458.8962549689627,526.8093691866976,0.523835413158709,8.26224795105229,15.441988945007324,1.5807340145111084,0.23325561384192584
Mahony,0.5,0.05,,14437.837199620042,1756.4313420430944,14440.970997124481,46.52382938053212,9.520782883154476,14.6912841796875,1.6484899520874023,0.44301650970748624
Mahony,0.5,0.1,,9541.069450504292,1590.411281362657,9545.531270986026,60.77871676957808,8.365940382705476,9.824172973632812,1.7007910013198853,0.3513649702105059
Mahony,0.5,0.3,,-9412.773769144156,1094.4287113323558,-9403.355672530892,75.28096281043752,7.292396258768247,19.59288787841797,1.773389458656311,0.46768226383889644
Mahony,0.5,0.5,,-10708.752372956793,1451.471716935347,-10697.848543224252,65.5830500436297,6.97356946659596,18.346969604492188,1.8959282636642456,0.46235609677719186
Mahony,0.5,1.0,,-7611.637770362959,1509.6115367845712,-7597.13225002377,77.84846819496595,8.377114190471756,9.725037574768066,1.812806487083435,0.3652402444386498
Mahony,1.0,0.0,,100.9107834611206,833.3381755403841,106.02504623131367,0.4021159709164366,4.85080705955983,9.66832160949707,1.8540714979171753,0.09360634551929455
Mahony,1.0,0.01,,132.85761968906377,848.5229553278162,137.99360728475,0.5157962677717686,4.94859714087035,9.66703987121582,1.8615026473999023,0.09578996539787439
Mahony,1.0,0.05,,272.6988754500228,808.0770636964816,278.08855884687955,3.2991950257946,5.357192362189225,9.667820930480957,1.8861827850341797,0.10579210944236438
Mahony,1.0,0.1,,-3478.0632071356995,698.862967803806,-3472.131819659183,75.796570836848,5.1270559173127115,9.666055679321289,1.9090086221694946,0.2694010156523949
Mahony,1.0,0.3,,-10750.25048477346,456.97141568420057,-10741.917128169001,67.80193830234509,3.7688297319794546,9.683292388916016,1.9442697763442993,0.3102573686451884
Mahony,1.0,0.5,,-11870.63809287206,437.6291777480902,-11860.715180587524,60.19274748468225,3.408034367886987,15.647448539733887,1.9131993055343628,0.370726218880491
Mahony,1.0,1.0,,-10914.311273913701,664.3401084606962,-10901.448729554248,53.95800517689922,3.969063460966707,9.6943359375,1.9132884740829468,0.29304864671837805
Mahony,2.0,0.0,,29.57386555361309,150.85651256542607,35.65516576865884,0.2948767993367776,1.3643397934060468,9.580395698547363,2.236421585083008,0.056975099487157184
Mahony,2.0,0.01,,31.83807936860397,151.37508727909335,37.95336133484163,0.31737381349280047,1.3750594966302756,9.577535629272461,2.237448215484619,0.057162715157917564
Mahony,2.0,0.05,,31.884334116910516,138.36330699688887,38.162398776781124,0.43723752133828314,1.417615151060446,9.565467834472656,2.2408056259155273,0.057356596203147626
Mahony,2.0,0.1,,-1.7989642321032964,97.27645445127806,4.726498329005587,0.6844185852331738,1.4636885397783952,9.548900604248047,2.2437503337860107,0.05655537768993294
Mahony,2.0,0.3,,-6096.511939765291,-131.99135392050377,-6088.833990841598,42.98588322052805,1.4072174265508592,9.495233535766602,2.248476266860962,0.19750683141016578
Mahony,2.0,0.5,,-10604.068117165225,-154.5573939894756,-10595.310265537819,51.333672088806885,1.0455984948704122,9.700947761535645,2.2484560012817383,0.25861516415258534
Mahony,2.0,1.0,,-11069.233850635756,-39.78477992560323,-11058.361076220339,49.503119528121516,1.4441165341942432,11.805697441101074,2.2379980087280273,0.28342478043627023
Mahony,3.0,0.0,,4.975064799784382,33.532613653338,11.224895411225395,0.16879593677326768,0.38642944952766617,9.388422012329102,2.61643648147583,0.05914211179481488
Mahony,3.0,0.01,,5.128729872695614,33.44898815741377,11.408495199187412,0.17482005012714988,0.38826221655378734,9.384774208068848,2.6165568828582764,0.05913168142324421
Mahony,3.0,0.05,,2.9082711562366512,28.377443656478924,9.316831527861805,0.2017675349716575,0.39538475003678036,9.370519638061523,2.616835355758667,0.05890955748187678
Mahony,3.0,0.1,,-7.238861378365138,13.5358626898141,-0.6531525425848116,0.24212680712693954,0.40267347830247613,9.354058265686035,2.6168465614318848,0.0584333791630949
Mahony,3.0,0.3,,-147.59348598613326,-91.69424034099359,-140.21425835136475,0.541325724557461,0.4017154851317922,9.382977485656738,2.6153135299682617,0.06314208666966852
Mahony,3.0,0.5,,-660.6800663209665,-205.14937722424227,-652.498292697216,3.040330416515602,0.411583394501391,9.64531135559082,2.6133203506469727,0.0796067364008465
Mahony,3.0,1.0,,-8586.451162505922,-237.8324422408767,-8576.517754098542,45.11052709936938,0.5725580540207176,13.105172157287598,2.60394549369812,0.28018473097917634
Mahony,5.0,0.0,,-5.934553455930998,1.6010774211103385,0.3599232910917168,0.09844767139488204,0.034127725977476396,9.969745635986328,3.423598527908325,0.09786012194069288
Mahony,5.0,0.01,,-6.036126414318475,1.5490380211791082,0.28506063542251414,0.0993293629941235,0.03420864049277662,9.990218162536621,3.423675060272217,0.09810050564005844
Mahony,5.0,0.05,,-7.042079320888459,0.26677768086751963,-0.6116782724756631,0.10277962011458087,0.03451643345611052,10.091641426086426,3.4238805770874023,0.09925370950842392
Mahony,5.0,0.1,,-9.64727136847786,-3.427981887576232,-3.075839667232487,0.1068532571292369,0.03480513353196264,10.303988456726074,3.4238393306732178,0.10182818791244543
Mahony,5.0,0.3,,-33.66067121111275,-33.17017437769236,-26.493608288839628,0.11956587670924045,0.03698663126953213,12.642254829406738,3.419509172439575,0.1297266411363389
Mahony,5.0,0.5,,-73.81648201393585,-73.0192080975729,-66.03488545505384,0.14355819858940846,0.06429377374046245,13.067902565002441,3.4148943424224854,0.13635962187257478
Mahony,5.0,1.0,,-219.3884125127471,-162.28416901147804,-210.11546515396282,0.6337551284007399,0.26128931921113857,12.943787574768066,3.4103200435638428,0.14165271432904294
Mahony,10.0,0.0,,-6.522257069321894,-0.606899918042675,-0.22749115822006355,0.12065719943820225,0.016179122895834997,13.636770248413086,5.123345851898193,0.21614357795565906
Mahony,10.0,0.01,,-6.547807848413653,-0.614292646974748,-0.2258112990308904,0.12090922117710429,0.016179952870646445,13.640978813171387,5.123285293579102,0.21619018522525033
Mahony,10.0,0.05,,-6.7224375837699135,-0.7835999706371344,-0.2911178290844513,0.12189112313956502,0.01618627803342335,13.644407272338867,5.123045921325684,0.21622785176335887
Mahony,10.0,0.1,,-7.097650122363353,-1.2868092491550485,-0.5288175584887447,0.12305909621656395,0.016210333821312758,13.640512466430664,5.122754096984863,0.21619212777117977
Mahony,10.0,0.3,,-10.131525517878012,-5.8902567416922915,-3.0052684390995235,0.12704810427369762,0.016778697833768386,13.636321067810059,5.121709823608398,0.21628595202760215
Mahony,10.0,0.5,,-15.078197937471819,-13.329925137560588,-7.386600062362532,0.12997826083445813,0.018976723903339064,13.63483715057373,5.120910167694092,0.21654317577057206
Mahony,10.0,1.0,,-31.670774883477684,-36.7194759472547,-22.554712793231793,0.13508390980277957,0.03924564124553204,17.957763671875,5.120152950286865,0.2672711868872987
Madgwick,,,0.01,6275.060796576066,699.4707371310429,5.826546707979689,72.52059311204016,0.016424221080233583,31.691097259521484,1.7764524221420288,0.5611919413110066
Madgwick,,,0.03,4.565801647610083,2166.9706422402514,8.912367911943267,0.0044837992128407105,0.0844361595396574,23.403860092163086,1.7285386323928833,0.20599883420127807
Madgwick,,,0.05,19.44110150299627,3643.573876664249,19.05553486303088,0.023704414473157975,0.08023909088890852,21.440269470214844,1.6705890893936157,0.23045583368654
Madgwick,,,0.08,140.99835557832915,5334.692684606139,133.25664447157644,0.3962334943467953,2.910068443169149,17.562105178833008,1.569767951965332,0.28393835890749713
Madgwick,,,0.1,180.1676889395347,5154.40488201308,171.38862415288273,0.3885873213827819,7.430059210829827,17.842649459838867,1.502791166305542,0.33450282497910183
Madgwick,,,0.2,134.47695431201473,2770.3230657985605,131.19135023023384,0.6566129434139499,12.288373169252841,9.680498123168945,1.4602385759353638,0.2583766164093991
Madgwick,,,0.5,88.04459947838689,384.8280768016857,32.179098762953906,14.929437859118249,4.607713411235821,9.652388572692871,2.0115723609924316,0.17949459290249958
Madgwick,,,1.0,228.2204425983366,-0.3297288759591755,0.7807526346118412,51.74986543510206,0.08041925785254642,10.281988143920898,2.799628257751465,0.29717021128423443
